,baseDate,cctvCnt,cctvIns,manageNm,newAddr,oldAddr,pacNm,pacType,posx,posy,precinct,roadWidth,seq
0,2018-08-14,,N,전라북도 전주시,전라북도 전주시 덕진구 정여립로 874 전주아름유치원,전라북도 전주시 덕진구 만성동 832,전주아름유치원,유치원,127.072049,35.830038,전주덕진경찰서,,246
1,2018-08-14,1.0,Y,전라북도 전주시,전라북도 전주시 덕진구 경동로 11 하가초등학교병설유치원,전라북도 전주시 덕진구 덕진동2가 685,하가초등학교병설유치원,유치원,127.107006,35.843711,전주덕진경찰서,,245
2,2018-08-14,1.0,Y,전라북도 전주시,전라북도 전주시 덕진구 경동로 11 전주하가초등학교,전라북도 전주시 덕진구 덕진동2가 685,전주하가초등학교,초등학교,127.107006,35.843711,전주덕진경찰서,,244
3,2018-08-14,,N,전라북도 전주시,전라북도 전주시 덕진구 세병로 55 전주화정초등학교,전라북도 전주시 덕진구 송천동2가 1310,전주화정초등학교,초등학교,127.131441,35.873026,전주덕진경찰서,,243
4,2018-08-14,,N,전라북도 전주시,전라북도 전주시 완산구 봉곡로 60 전주새연초등학교,전라북도 전주시 완산구 효자동2가 1314-5,전주새연초등학교,초등학교,127.100448,35.811629,전주완산경찰서,,242
5,2018-08-14,2.0,Y,전라북도 전주시,전라북도 전주시 덕진구 원동로 3 전주원동초등학교,전라북도 전주시 덕진구 원동 361-1,원동초등학교병설유치원,유치원,127.033475,35.8511321,전주덕진경찰서,,241
6,2018-08-14,,N,전라북도 전주시,전라북도 전주시 완산구 전룡4길 12-4 유레카어린이집,전라북도 전주시 완산구 서신동 893-1,유레카유치원,유치원,127.1198676,35.8264149,전주완산경찰서,,240
7,2018-08-14,4.0,Y,전라북도 전주시,전라북도 전주시 덕진구 틀못1길 6-7 이튼유치원,전라북도 전주시 덕진구 장동 1068-3,이튼유치원,유치원,127.0573468,35.8416273,전주덕진경찰서,,239
8,2018-08-14,2.0,Y,전라북도 전주시,전라북도 전주시 완산구 서곡2길 13-6 이화유치원,전라북도 전주시 완산구 효자동3가 1443-1,이화유치원,유치원,127.1026441,35.8344635,전주완산경찰서,,238
9,2018-08-14,2.0,Y,전라북도 전주시,전라북도 전주시 덕진구 건산로 213-16 인후유치원,전라북도 전주시 덕진구 인후동1가 403-1,인후유치원,유치원,127.161376,35.8351727,전주덕진경찰서,,237
10,2018-08-14,2.0,Y,전라북도 전주시,전라북도 전주시 덕진구 무삼지로 67 인후초등학교,전라북도 전주시 덕진구 인후동3가 160,인후초등학교병설유치원,유치원,127.1624875,35.8316583,전주덕진경찰서,,236
11,2018-08-14,2.0,Y,전라북도 전주시,전라북도 전주시 덕진구 원장동안길 73 장동초등학교병설유치원,전라북도 전주시 덕진구 장동 258-2,장동초등학교병설유치원,유치원,127.060105206,35.8495904,전주덕진경찰서,,235
12,2018-08-14,,N,전라북도 전주시,전라북도 전주시 완산구 호동길 69-23(삼천동 3가) 전주기전대부설유치원,전라북도 전주시 완산구 삼천동3가 603-3,전주기전대부설유치원,유치원,127.0834198,35.7890601,전주완산경찰서,,234
13,2018-08-14,3.0,Y,전라북도 전주시,전라북도 전주시 완산구 전룡3길 8-5 송림유치원,전라북도 전주시 완산구 서신동 886-1,전주송림유치원,유치원,127.1186553,35.8262232,전주완산경찰서,,233
14,2018-08-14,2.0,Y,전라북도 전주시,전라북도 전주시 완산구 대동로 33 전주초등학교,전라북도 전주시 완산구 태평동1가 64,전주초등학교병설유치원,유치원,127.1399546,35.8223449,전주완산경찰서,,232
15,2018-08-14,3.0,Y,전라북도 전주시,전라북도 전주시 덕진구 와룡로 58-3 제이그림나라유치원,전라북도 전주시 덕진구 송천동2가 556-9,제이그림나라유치원,유치원,127.1124423,35.8648942,전주덕진경찰서,,231
16,2018-08-14,2.0,Y,전라북도 전주시,전라북도 전주시 완산구 경기전길 99 중앙초등학교병설유치원,전라북도 전주시 완산구 풍남동3가 67-3,중앙초등학교병설유치원,유치원,127.151375,35.814875,전주완산경찰서,,230
17,2018-08-14,1.0,Y,전라북도 전주시,전라북도 전주시 완산구 중인1길 80 전주중인초등학교,전라북도 전주시 완산구 중인동 585,중인초등학교병설유치원,유치원,127.0973303,35.7709718,전주완산경찰서,,229
18,2018-08-14,2.0,Y,전라북도 전주시,전라북도 전주시 덕진구 솔내1길 16 호반유치원,전라북도 전주시 덕진구 송천동1가 252-2,즐거운솔빛유치원,유치원,127.1217346,35.8526365,전주덕진경찰서,,228
19,2018-08-14,2.0,Y,전라북도 전주시,전라북도 전주시 완산구 외칠봉1길 11 천사나라유치원,전라북도 전주시 완산구 효자동1가 698-9,천사나라유치원,유치원,127.1366458,35.802961,전주완산경찰서,,227
20,2018-08-14,,N,전라북도 전주시,전라북도 전주시 완산구 용머리로 194 천사유치원,전라북도 전주시 완산구 효자동1가 133,천사유치원,유치원,127.132488,35.8071776,전주완산경찰서,,226
21,2018-08-14,1.0,Y,전라북도 전주시,전라북도 전주시 완산구 인봉남로 18-2 청강유치원,전라북도 전주시 완산구 중노송동 457-7,청강유치원,유치원,127.1547143,35.8255489,전주완산경찰서,,225
22,2018-08-14,,N,전라북도 전주시,전라북도 전주시 덕진구 오송1길 17 엘프어린이집,전라북도 전주시 덕진구 송천동1가 107-144,엘프어린이집,어린이집,127.1286533,35.8632029,전주덕진경찰서,,224
23,2018-08-14,3.0,Y,전라북도 전주시,전라북도 전주시 덕진구 시천로 29-27 예대어린이집,전라북도 전주시 덕진구 송천동1가 616,예대어린이집,어린이집,127.113575,35.8602237,전주덕진경찰서,,223
24,2018-08-14,1.0,Y,전라북도 전주시,전라북도 전주시 덕진구 안골4길 20 정선어린이집,전라북도 전주시 덕진구 인후동1가 753-1,정선어린이집,어린이집,127.1568512,35.8416054,전주덕진경찰서,,222
25,2018-08-14,,N,전라북도 전주시,전라북도 전주시 덕진구 원산정길 22 파란나라어린이집,전라북도 전주시 덕진구 산정동 290-2,파란나라어린이집,어린이집,127.1721122,35.8429388,전주덕진경찰서,,221
26,2018-08-14,,N,전라북도 전주시,전라북도 전주시 덕진구 가리내로 590 해바라기어린이집,전라북도 전주시 덕진구 송천동1가 742,해바라기어린이집,어린이집,127.1088428,35.8612028,전주덕진경찰서,,220
27,2018-08-14,5.0,Y,전라북도 전주시,전라북도 전주시 덕진구 솔내5길 18 더조은어린이집,전라북도 전주시 덕진구 송천동1가 393-10,더조은어린이집,어린이집,127.1224081,35.8570659,전주덕진경찰서,,219
28,2018-08-14,2.0,Y,전라북도 전주시,전라북도 전주시 덕진구 원고랑1길 13 동심어린이집,전라북도 전주시 덕진구 고랑동 726-1,동심어린이집,어린이집,127.085975,35.8735321,전주덕진경찰서,,218
29,2018-08-14,2.0,Y,전라북도 전주시,전라북도 전주시 덕진구 명주1길 31-5 동현어린이집,전라북도 전주시 덕진구 인후동2가 1543-19,동현어린이집,어린이집,127.1466706,35.8413654,전주덕진경찰서,,217
30,2018-08-14,1.0,Y,전라북도 전주시,전라북도 전주시 덕진구 덕용1길 53-3 사랑어린이집,전라북도 전주시 덕진구 동산동 599-1,사랑어린이집,어린이집,127.080942,35.871021,전주덕진경찰서,,216
31,2018-08-14,,N,전라북도 전주시,전라북도 전주시 덕진구 아중6길 24-4 신세계어린이집,전라북도 전주시 덕진구 우아동2가 895-5,신세계어린이집,어린이집,127.1715942,35.8329528,전주덕진경찰서,,215
32,2018-08-14,3.0,Y,전라북도 전주시,전라북도 전주시 덕진구 무삼지5길 18 아기별어린이집,전라북도 전주시 덕진구 인후동1가 901-3,아기별어린이집,어린이집,127.1635884,35.8273405,전주덕진경찰서,,214
33,2018-08-14,1.0,Y,전라북도 전주시,전라북도 전주시 덕진구 무삼지1길 14-3 아이들세상유치원,전라북도 전주시 덕진구 인후동1가 905-6,아이들세상어린이집,어린이집,127.162011,35.8253371,전주덕진경찰서,,213
34,2018-08-14,8.0,Y,전라북도 전주시,전라북도 전주시 완산구 평화8길 16-36 전주신성초등학교,전라북도 전주시 완산구 평화동2가 23-57,신성초등학교,초등학교,127.1343172,35.7904033,전주완산경찰서,,212
35,2018-08-14,4.0,Y,전라북도 전주시,전라북도 전주시 완산구 물왕멀로 72 전주동초등학교,전라북도 전주시 완산구 중노송동2가 399-1,전주동초등학교,초등학교,127.152227,35.8296233,전주완산경찰서,,211
36,2018-08-14,6.0,Y,전라북도 전주시,전라북도 전주시 완산구 송정로 11-16 전주효자초등학교,전라북도 전주시 완산구 효자동2가 567,효자초등학교,초등학교,127.1225803,35.8033401,전주완산경찰서,,210
37,2018-08-14,8.0,Y,전라북도 전주시,전라북도 전주시 완산구 거마남로 65 전주삼천남초등학교,전라북도 전주시 완산구 삼천동1가 산131-1,삼천남초등학교,초등학교,127.1234408,35.7961882,전주완산경찰서,,209
38,2018-08-14,5.0,Y,전라북도 전주시,전라북도 전주시 완산구 장승배기로 376 전주남초등학교,전라북도 전주시 완산구 서서학동 277,전주남초등학교,초등학교,127.1507875,35.8034667,전주완산경찰서,,208
39,2018-08-14,2.0,Y,전라북도 전주시,전라북도 전주시 완산구 양지2길 11-26 양지초등학교,전라북도 전주시 완산구 평화2동 582,양지초등학교,초등학교,127.1259578,35.7924966,전주완산경찰서,,207
40,2018-08-14,5.0,Y,전라북도 전주시,전라북도 전주시 완산구 안행로 127 효정중학교,전라북도 전주시 완산구 서완산동 277-1,완산서초등학교,초등학교,127.132875,35.8070917,전주완산경찰서,,206
41,2018-08-14,5.0,Y,전라북도 전주시,전라북도 전주시 완산구 화산천변8길 10 전주한들초등학교,전라북도 전주시 완산구 중화산동2가 752-4,한들초등학교,초등학교,127.1171076,35.821084,전주완산경찰서,,205
42,2018-08-14,6.0,Y,전라북도 전주시,전라북도 전주시 완산구 삼천천변1길 16 용흥초등학교,전라북도 전주시 완산구 삼천동1가 765-2,용흥초등학교,초등학교,127.1123305,35.7947023,전주완산경찰서,,204
43,2018-08-14,9.0,Y,전라북도 전주시,전라북도 전주시 완산구 평화로 85 전주지곡초등학교,전라북도 전주시 완산구 평화동2가 897-3,지곡초등학교,초등학교,127.1328344,35.7842458,전주완산경찰서,,203
44,2018-08-14,6.0,Y,전라북도 전주시,전라북도 전주시 완산구 새터로 73 전주서일초등학교,전라북도 전주시 완산구 서신동 960-4,서일초등학교,초등학교,127.114975,35.8364071,전주완산경찰서,,202
45,2018-08-14,8.0,Y,전라북도 전주시,전라북도 전주시 완산구 고사평8길 11 여울초등학교,전라북도 전주시 완산구 서신동 923,여울초등학교,초등학교,127.1113931,35.8375216,전주완산경찰서,,201
46,2018-08-14,7.0,Y,전라북도 전주시,전라북도 전주시 완산구 서곡7길 30 전주서곡초등학교,전라북도 전주시 완산구 효자3가 1474??,서곡초등학교,초등학교,127.099921,35.8328964,전주완산경찰서,,200
47,2018-08-14,11.0,Y,전라북도 전주시,전라북도 전주시 완산구 서신천변11길 19 전주서문초등학교,전라북도 전주시 완산구 서신동 820,서문초등학교,초등학교,127.1120125,35.8298333,전주완산경찰서,,199
48,2018-08-14,2.0,Y,전라북도 전주시,전라북도 전주시 덕진구 한배미5길 7 예일키즈,전라북도 전주시 덕진구 인후동1가 953-11,예일키즈어린이집,어린이집,127.1676979,35.8236771,전주덕진경찰서,,198
49,2018-08-14,4.0,Y,전라북도 전주시,전라북도 전주시 덕진구 원고랑2길 16 재능나라어린이집,전라북도 전주시 덕진구 고랑동 735,재능나라어린이집,어린이집,127.0846125,35.8742237,전주덕진경찰서,,197
50,2018-08-14,2.0,Y,전라북도 전주시,전라북도 전주시 덕진구 신복7길 2-14 팔복어린이집,전라북도 전주시 덕진구 팔복동1가 273-2,팔복어린이집,어린이집,127.104325,35.8555071,전주덕진경찰서,,196
51,2018-08-14,3.0,Y,전라북도 전주시,전라북도 전주시 덕진구 와룡로 109-13 한빛어린이집,전라북도 전주시 덕진구 송천동2가 608-5,한빛어린이집,어린이집,127.1129547,35.8689105,전주덕진경찰서,,195
52,2018-08-14,2.0,Y,전라북도 전주시,전라북도 전주시 덕진구 무삼지5길 6-3 햇살나라어린이집,전라북도 전주시 덕진구 인후동1가 903-4,햇살나라어린이집,어린이집,127.1645107,35.827794,전주덕진경찰서,,194
53,2018-08-14,,N,전라북도 전주시,전라북도 전주시 덕진구 번영로 230-14 자림원,전라북도 전주시 덕진구 성덕동 477,자림원,특수학교,127.0339729,35.8748154,전주덕진경찰서,,193
54,2018-08-14,3.0,Y,전라북도 전주시,전라북도 전주시 덕진구 모래내6길 26-16 전주유화학교,전라북도 전주시 덕진구 인후동2가 26-7,유화학교,특수학교,127.1459554,35.8373171,전주덕진경찰서,,192
55,2018-08-14,3.0,Y,전라북도 전주시,전라북도 전주시 완산구 안행5길 35 금호아파트 청노로유치원,전라북도 전주시 완산구 효자동1가 98,청노루유치원,유치원,127.1310296,35.8042431,전주완산경찰서,,191
56,2018-08-14,,N,전라북도 전주시,전라북도 전주시 덕진구 천마산로 34 초록빛유치원,전라북도 전주시 덕진구 송천동1가 107-161,초록빛유치원,유치원,127.125377,35.863638,전주덕진경찰서,,190
57,2018-08-14,2.0,Y,전라북도 전주시,전라북도 전주시 덕진구 초포로 171 초포초등학교병설유치원,전라북도 전주시 덕진구 호성동2가 835,초포초등학교병설유치원,유치원,127.139133,35.877015,전주덕진경찰서,,189
58,2018-08-14,3.0,Y,전라북도 전주시,전라북도 전주시 덕진구 매봉16길 9 코끼리유치원,전라북도 전주시 덕진구 금암동 1573-3,코끼리유치원,유치원,127.141526,35.8380668,전주덕진경찰서,,188
59,2018-08-14,2.0,Y,전라북도 전주시,전라북도 전주시 완산구 신봉3길 17-9 크레용유치원,전라북도 전주시 완산구 효자동1가 603-4,크레용유치원,유치원,127.116463,35.811567,전주완산경찰서,,187
60,2018-08-14,2.0,Y,전라북도 전주시,전라북도 전주시 덕진구 무삼지로 32 인후 꿈마을 부영아파트,전라북도 전주시 덕진구 인후동1가 890-1,큰동그라미유치원,유치원,127.1647568,35.8285997,전주덕진경찰서,,186
61,2018-08-14,1.0,Y,전라북도 전주시,전라북도 전주시 덕진구 팔과정로 181팔복초등학교병설유치원,전라북도 전주시 덕진구 동산동 374-1,팔복초등학교병설유치원,유치원,127.0948558,35.863531,전주덕진경찰서,,185
62,2018-08-14,2.0,Y,전라북도 전주시,전라북도 전주시 완산구 꽃밭정로 65 평화초등학교병설유치원,전라북도 전주시 완산구 평화동1가 389,평화초등학교병설유치원,유치원,127.139367,35.799375,전주완산경찰서,,184
63,2018-08-14,1.0,Y,전라북도 전주시,전라북도 전주시 완산구 평화2길 12 폴유치원,전라북도 전주시 완산구 평화동2가 96-3,폴유치원,유치원,127.1340799,35.7818211,전주완산경찰서,,183
64,2018-08-14,2.0,Y,전라북도 전주시,전라북도 전주시 완산구 견훤왕궁로 16 풍남초등학교병설유치원,전라북도 전주시 완산구 남노송동 507-1,풍남초등학교병설유치원,유치원,127.1537212,35.8220384,전주완산경찰서,,182
65,2018-08-14,,N,전라북도 전주시,전라북도 전주시 완산구 평화14길 15-8 프렌즈유치원,전라북도 전주시 완산구 평화동2가 856-5,프렌즈유치원,유치원,127.1343125,35.7921497,전주완산경찰서,,181
66,2018-08-14,,N,전라북도 전주시,전라북도 전주시 덕진구 하가1길 61 하가정원유치원,전라북도 전주시 덕진구 덕진동2가 248-17,하가정원유치원,유치원,127.1123199,35.844811,전주덕진경찰서,,180
67,2018-08-14,,N,전라북도 전주시,전라북도 전주시 덕진구 정여립로 1114-10 하나유치원,전라북도 전주시 덕진구 만성동 13,하나유치원,유치원,127.0850704,35.8477452,전주덕진경찰서,,179
68,2018-08-14,,N,전라북도 전주시,전라북도 전주시 덕진구 오송1길 13-7 하버드유치원,전라북도 전주시 덕진구 송천동1가 107-85,하버드유치원,유치원,127.128145,35.863638,전주덕진경찰서,,178
69,2018-08-14,2.0,Y,전라북도 전주시,전라북도 전주시 완산구 화산천변8길 10 한들초등학교병설유치원,전라북도 전주시 완산구 중화산동2가 752-4,한들초등학교병설유치원,유치원,127.1171375,35.8212333,전주완산경찰서,,177
70,2018-08-14,,N,전라북도 전주시,전라북도 전주시 덕진구 초포로 228-9 한샘유칭원,전라북도 전주시 덕진구 호성동2가 482-3,한샘유치원,유치원,127.1464514,35.873719,전주덕진경찰서,,176
71,2018-08-14,2.0,Y,전라북도 전주시,전라북도 전주시 완산구 유연로 349-18 한솔유치원,전라북도 전주시 완산구 서신동 1001-5,한솔유치원,유치원,127.1244172,35.826265,전주완산경찰서,,175
72,2018-08-14,1.0,Y,전라북도 전주시,전라북도 전주시 완산구 원서곡길 54-3 해뜰유치원,전라북도 전주시 완산구 효자동3가 960,해뜰유치원,유치원,127.0935538,35.8322994,전주완산경찰서,,174
73,2018-08-14,,N,전라북도 전주시,전라북도 전주시 덕진구 석소로 82 헤럴드유치원,전라북도 전주시 덕진구 우아동2가 561-4,해럴드유치원,유치원,127.1679307,35.8343271,전주덕진경찰서,,173
74,2018-08-14,2.0,Y,전라북도 전주시,전라북도 전주시 덕진구 전미로 37-9 해바라기유치원,전라북도 전주시 덕진구 송천동2가 681-5,해바라기유치원,유치원,127.1131046,35.8724518,전주덕진경찰서,,172
75,2018-08-14,,N,전라북도 전주시,전라북도 전주시 덕진구 무삼지6길 7 햇살나라유치원,전라북도 전주시 덕진구 인후동1가 902-1,햇살나라유치원,유치원,127.1639743,35.8278237,전주덕진경찰서,,171
76,2018-08-14,8.0,Y,전라북도 전주시,전라북도 전주시 완산구 강변로 128 효림초등학교,전라북도 전주시 완산구 효자동1가 659-2,효림초등학교,초등학교,127.113175,35.803025,전주완산경찰서,,170
77,2018-08-14,2.0,Y,전라북도 전주시,전라북도 전주시 완산구 중인1길 80 전주중인초등학교,전라북도 전주시 완산구 중인동 585,중인초등학교,초등학교,127.0975212,35.7710803,전주완산경찰서,,169
78,2018-08-14,8.0,Y,전라북도 전주시,전라북도 전주시 완산구 팔달로 74 전주교대부설초등학교,전라북도 전주시 완산구 서서학동 189,전주교대부설초등학교,초등학교,127.1511266,35.8083668,전주완산경찰서,,168
79,2018-08-14,3.0,Y,전라북도 전주시,전라북도 전주시 완산구 맏내로 57 대정초등학교,전라북도 전주시 완산구 평화동2가 459,대정초등학교,초등학교,127.1253757,35.7860822,전주완산경찰서,,167
80,2018-08-14,6.0,Y,전라북도 전주시,전라북도 전주시 완산구 장승배기로 14 전주용와초등학교,전라북도 전주시 완산구 삼천동1가 305-6,용와초등학교,초등학교,127.1147071,35.7910257,전주완산경찰서,,166
81,2018-08-14,6.0,Y,전라북도 전주시,전라북도 전주시 완산구 성지산로 38 전주삼천초등학교,전라북도 전주시 완산구 삼천동1가 585-1,삼천초등학교,초등학교,127.1234816,35.8008292,전주완산경찰서,,165
82,2018-08-14,6.0,Y,전라북도 전주시,전라북도 전주시 완산구 중동로 32 전주만성초등학교,전라북도 전주시 완산구 중동 307,만성초등학교,초등학교,127.0653858,35.8366537,전주완산경찰서,,164
83,2018-08-14,11.0,Y,전라북도 전주시,전라북도 전주시 완산구 문학로 30 전주문학초등학교,전라북도 전주시 완산구 효자동3가 1614,문학초등학교,초등학교,127.1025736,35.8281562,전주완산경찰서,,163
84,2018-08-14,3.0,Y,전라북도 전주시,전라북도 전주시 완산구 효자로 39 전주선화학교,전라북도 전주시 완산구 효자동3가 1130,전주선화학교,특수학교,127.0902331,35.8205235,전주완산경찰서,,162
85,2018-08-14,3.0,Y,전라북도 전주시,전라북도 전주시 완산구 효자로 28-20 전주은화학교,전라북도 전주시 완산구 효자동3가 1059-7,전주은화학교,특수학교,127.0866701,35.8190229,전주완산경찰서,,161
86,2018-08-14,3.0,Y,전라북도 전주시,전라북도 전주시 완산구 천잠로 275 동암재활원,전라북도 전주시 완산구 효자동3가 1215-5,동암재활원,특수학교,127.0928581,35.8104832,전주완산경찰서,,160
87,2018-08-14,2.0,Y,전라북도 전주시,전라북도 전주시 덕진구 안덕원1길 39 가나유치원,전라북도 전주시 덕진구 우아동3가 435-1,가나유치원,유치원,127.1656754,35.840039,전주덕진경찰서,,159
88,2018-08-14,3.0,Y,전라북도 전주시,전라북도 전주시 덕진구 용신길 19 그린유치원,전라북도 전주시 덕진구 용정동?983,그린유치원,유치원,127.0612828,35.8757552,전주덕진경찰서,,158
89,2018-08-14,12.0,Y,전라북도 전주시,전라북도 전주시 덕진구 명주3길 16 금평초등학교,전라북도 전주시 덕진구 인후동2가 1536,금평초등학교병설유치원,유치원,127.1469139,35.8439083,전주덕진경찰서,,157
90,2018-08-14,3.0,Y,전라북도 전주시,전라북도 전주시 덕진구 견훤로 240 기린초등학교병설유치원,전라북도 전주시 덕진구 인후동1가 431-3,기린초등학교병설유치원,유치원,127.1586335,35.8347475,전주덕진경찰서,,156
91,2018-08-14,3.0,Y,전라북도 전주시,전라북도 전주시 덕진구 가재미4길 5 꿈을담는유치원,전라북도 전주시 덕진구 인후동1가 874-3,꿈을담는유치원,유치원,127.1624681,35.8296483,전주덕진경찰서,,155
92,2018-08-14,,N,전라북도 전주시,전라북도 전주시 덕진구 신방죽2길 13 다다예술유치원,전라북도 전주시 덕진구 인후동1가 575-8,다다예술유치원,유치원,127.1526375,35.8379237,전주덕진경찰서,,154
93,2018-08-14,3.0,Y,전라북도 전주시,전라북도 전주시 완산구 거마평로 125 상산타운 다솔유치원,전라북도 전주시 완산구 효자동1가 652,다솔유치원,유치원,127.1149146,35.8034342,전주완산경찰서,,153
94,2018-08-14,3.0,Y,전라북도 전주시,전라북도 전주시 완산구 하거마3길 25 다솜유치원,전라북도 전주시 완산구 삼천동1가 672,다솜유치원,유치원,127.118175,35.7942167,전주완산경찰서,,152
95,2018-08-14,3.0,Y,전라북도 전주시,전라북도 전주시 완산구 고덕산1길 20 전주대성초등학교병설유치원,전라북도 전주시 완산구 대성동 45,대성초등학교병설유치원,유치원,127.1780059,35.7974966,전주완산경찰서,,151
96,2018-08-14,3.0,Y,전라북도 전주시,전라북도 전주시 완산구  맏내로 57 전주대정초등학교병설유치원,전라북도 전주시 완산구 평화동2가 459,대정초등학교병설유치원,유치원,127.1246942,35.7863366,전주완산경찰서,,150
97,2018-08-14,,N,전라북도 전주시,전라북도 전주시 덕진구  가리내로 384 덕일성유치원,전라북도 전주시 덕진구 덕진동2가 616-1,덕일성유치원,유치원,127.1107554,35.8484789,전주덕진경찰서,,149
98,2018-08-14,6.0,Y,전라북도 전주시,전라북도 전주시 덕진구 하가로 71 전주덕일초등학교병설유치원,전라북도 전주시 덕진구 덕진동2가 99-1,덕일초등학교병설유치원,유치원,127.1121699,35.8488237,전주덕진경찰서,,148
99,2018-08-14,8.0,Y,전라북도 전주시,전라북도 전주시 덕진구 들사평로 61 전주덕진초등학교병설유치원,전라북도 전주시 덕진구 덕진동1가 1272-2,덕진초등학교병설유치원,유치원,127.124691,35.841492,전주덕진경찰서,,147
100,2018-08-14,3.0,Y,전라북도 전주시,전라북도 전주시 덕진구 권삼득로 88 동부유치원,전라북도 전주시 덕진구 진북1동 322-202,동부유치원,유치원,127.145675,35.8291167,전주덕진경찰서,,146
101,2018-08-14,3.0,Y,전라북도 전주시,전라북도 전주시 덕진구 쪽구름로 70 동산유치원,전라북도 전주시 덕진구 동산동 691-2,동산유치원,유치원,127.0772336,35.8723463,전주덕진경찰서,,145
102,2018-08-14,10.0,Y,전라북도 전주시,전라북도 전주시 덕진구 우아9길 1 전주동신초등학교병설유치원,전라북도 전주시 덕진구 우아동3가 743-149,동신초등학교병설유치원,유치원,127.155925,35.8516404,전주덕진경찰서,,144
103,2018-08-14,6.0,Y,전라북도 전주시,전라북도 전주시 덕진구 안골3길 20 동파유치원,전라북도 전주시 덕진구 인후동1가 760-1,동파유치원,유치원,127.1572137,35.8405305,전주덕진경찰서,,143
104,2018-08-14,,N,전라북도 전주시,전라북도 전주시 완산구 고사평8길 12 혜화유치원,전라북도 전주시 완산구 서신동 929-1,혜화유치원,유치원,127.1112807,35.8364198,전주완산경찰서,,142
105,2018-08-14,,N,전라북도 전주시,전라북도 전주시 완산구 삼산길 26 호남유치원,전라북도 전주시 완산구 삼천동3가 444,호남유치원,유치원,127.0804096,35.7996178,전주완산경찰서,,141
106,2018-08-14,2.0,Y,전라북도 전주시,전라북도 전주시 완산구 한절길 22 호반유치원,전라북도 전주시 완산구 효자동2가 753-11,호반유치원,유치원,127.0955408,35.8023758,전주완산경찰서,,140
107,2018-08-14,,N,전라북도 전주시,전라북도 전주시 완산구 마전들로 30 홍산초교병설유치원,전라북도 전주시 완산구 효자동3가 1685,홍산초등학교병설유치원,유치원,127.0986877,35.8203704,전주완산경찰서,,139
108,2018-08-14,2.0,Y,전라북도 전주시,전라북도 전주시 완산구 따박골7길 20 전주화산초등학교,전라북도 전주시 완산구 중화산동 2가 46-25,화산초등학교병설유치원,유치원,127.1291625,35.8094667,전주완산경찰서,,138
109,2018-08-14,,N,전라북도 전주시,전라북도 전주시 완산구 중화산로 55-30 활짝필유치원,전라북도 전주시 완산구 중화산동 2가 401-3,활짝핀유치원,유치원,127.1168656,35.8163861,전주완산경찰서,,137
110,2018-08-14,2.0,Y,전라북도 전주시,전라북도 전주시 완산구 거마평로 105 전주효문초등학교병설유치원,전라북도 전주시 완산구 효자동1가 651-1,효문초등학교병설유치원,유치원,127.116025,35.8019833,전주완산경찰서,,136
111,2018-08-14,2.0,Y,전라북도 전주시,전라북도 전주시 완산구 화산천변6길 17 아트빌어린이집,전라북도 전주시 완산구 중화산2가 818-10,효원유치원,유치원,127.1144121,35.8212371,전주완산경찰서,,135
112,2018-08-14,2.0,Y,전라북도 전주시,전라북도 전주시 완산구 송정로 47 전주효자초등학교,전라북도 전주시 완산구 효자동2가 567,효자초등학교병설유치원,유치원,127.1231639,35.8031333,전주완산경찰서,,134
113,2018-08-14,,N,전라북도 전주시,전라북도 전주시 완산구 서곡로 20-1 동트는어린이집,전라북도 전주시 완산구 효자동3가 1483-2,동트는어린이집,어린이집,127.0982695,35.8315555,전주완산경찰서,,133
114,2018-08-14,4.0,Y,전라북도 전주시,전라북도 전주시 덕진구 틀못3길 7 온빛초등학교,전라북도 전주시 덕진구 장동 1066,온빛초등학교,초등학교,127.0567035,35.8424462,전주덕진경찰서,,132
115,2018-08-14,2.0,Y,전라북도 전주시,전라북도 전주시 완산구 마전들로 30 홍산초교등학교,전라북도 전주시 완산구 효자동3가 1685,홍산초등학교,초등학교,127.0986877,35.8203704,전주완산경찰서,,131
116,2018-08-14,3.0,Y,전라북도 전주시,전라북도 전주시 덕진구 쪽구름로 106 동산원광유치원,전라북도 전주시 덕진구 반월동 242-1,동산원광유치원,유치원,127.0738434,35.874129,전주덕진경찰서,,130
117,2018-08-14,1.0,Y,전라북도 전주시,전라북도 전주시 덕진구 무삼지1길 14-1 아이들세상유치원,전라북도 전주시 덕진구 인후동1가 905-7,아이들세상유치원,유치원,127.162011,35.8251692,전주덕진경찰서,,129
118,2018-08-14,1.0,Y,전라북도 전주시,전라북도 전주시 덕진구 심방죽로 24 전주온샘유치원,전라북도 전주시 덕진구 인후동1가 575-1,전주온샘,유치원,127.1526047,35.8394088,전주완산경찰서,,128
119,2018-08-14,2.0,Y,전라북도 전주시,전라북도 전주시 완산구 장승배기로 376 전주남초병설유치원,전라북도 전주시 완산구 서서학동277,전주남초병설유치원,유치원,127.1507875,35.8034667,전주완산경찰서,,127
120,2018-08-14,2.0,Y,전라북도 전주시,전라북도 전주시 완산구 거마남로 65 전주삼천남초병설유치원,전라북도 전주시 완산구 삼천동1가 635,전주삼천남초병설유치원,유치원,127.1235105,35.795941,전주완산경찰서,,126
121,2018-08-14,6.0,Y,전라북도 전주시,전라북도 전주시 완산구 경기전길 99 전주중앙초등학교,전라북도 전주시 완산구 풍남동3가 67-3,중앙초등학교,초등학교,127.1514063,35.8151016,전주완산경찰서,,125
122,2018-08-14,5.0,Y,전라북도 전주시,전라북도 전주시 완산구 대동로 33 전주초등학교,전라북도 전주시 완산구 태평동 1가 64,전주초등학교,초등학교,127.1398567,35.8225941,전주완산경찰서,,124
123,2018-08-14,7.0,Y,전라북도 전주시,전라북도 전주시 완산구 전룡로 119 전주서신초등학교,전라북도 전주시 완산구 서신동 31,서신초등학교,초등학교,127.1248128,35.8296352,전주완산경찰서,,123
124,2018-08-14,6.0,Y,전라북도 전주시,전라북도 전주시 완산구 따박골7길 20 전주화산초등학교,전라북도 전주시 완산구 중화산동 2가 46-25,화산초등학교,초등학교,127.1294172,35.809509,전주완산경찰서,,122
125,2018-08-14,2.0,Y,전라북도 전주시,전라북도 전주시 완산구 꽃밭정로 65 전주평화초등학교,전라북도 전주시 완산구 평화동1가 389,평화초등학교,초등학교,127.139367,35.799375,전주완산경찰서,,121
126,2018-08-14,3.0,Y,전라북도 전주시,전라북도 전주시 완산구 거마평로 105 효문초등학교,전라북도 전주시 완산구 효자동1가 651-1,효문초등학교,초등학교,127.116114,35.8020186,전주완산경찰서,,120
127,2018-08-14,7.0,Y,전라북도 전주시,전라북도 전주시 완산구 매곡로 22 전주완산초등학교,전라북도 전주시 완산구 동완산동2가167,완산초등학교,초등학교,127.14395,35.810075,전주완산경찰서,,119
128,2018-08-14,3.0,Y,전라북도 전주시,전라북도 전주시 완산구 고덕산1길 20 전주대성초등학교,전라북도 전주시 완산구 대성동 45,대성초등학교,초등학교,127.177838,35.7975438,전주완산경찰서,,118
129,2018-08-14,3.0,Y,전라북도 전주시,전라북도 전주시 완산구 구이로 1979 전주문정초등학교,전라북도 전주시 완산구 평화동3가 226,문정초등학교,초등학교,127.127392,35.7751606,전주완산경찰서,,117
130,2018-08-14,2.0,Y,전라북도 전주시,전라북도 전주시 완산구 쑥고개로 375-28 우전중학교,전라북도 전주시 완산구 효자동2가 189,우전초등학교,초등학교,127.1067223,35.8054049,전주완산경찰서,,116
131,2018-08-14,5.0,Y,전라북도 전주시,전라북도 전주시 완산구 소태정로 21 전주우림초등학교,전라북도 전주시 완산구 효자동2가 1157-6,우림초등학교,초등학교,127.0982719,35.806415,전주완산경찰서,,115
132,2018-08-14,,N,전라북도 전주시,전라북도 전주시 완산구 중앙반길 31-9 상아유치원,전라북도 전주시 완산구 삼천동3가 257,상아유치원,유치원,127.0857875,35.7940833,전주완산경찰서,,114
133,2018-08-14,,N,전라북도 전주시,전라북도 전주시 완산구 원서곡길 39 상원리나유치원,전라북도 전주시 완산구 효자동3가 745-4,상원리나유치원,유치원,127.0952806,35.8333622,전주완산경찰서,,113
134,2018-08-14,2.0,Y,전라북도 전주시,전라북도 전주시 덕진구 초포다리로 50 새봄유치원,전라북도 전주시 덕진구 호성동1가 686-1,새봄유치원,유치원,127.1595755,35.8604037,전주덕진경찰서,,112
135,2018-08-14,2.0,Y,전라북도 전주시,전라북도 전주시 완산구 양지3길 34-8 새싹유치원,전라북도 전주시 완산구 평화동2가 716-19,새싹유치원,유치원,127.120013,35.788308,전주완산경찰서,,111
136,2018-08-14,3.0,Y,전라북도 전주시,전라북도 전주시 완산구 서곡로 34 청솔아파트 103동,전라북도 전주시 완산구 효자동3가 1483-1,서곡유치원,유치원,127.0995582,35.831921,전주완산경찰서,,110
137,2018-08-14,3.0,Y,전라북도 전주시,전라북도 전주시 완산구 감나무3길 12-1 서광유치원,전라북도 전주시 완산구 서신동 197,서광유치원,유치원,127.1212174,35.8307143,전주완산경찰서,,109
138,2018-08-14,,N,전라북도 전주시,전라북도 전주시 완산구 난전들로 156-14 서린자연어린이집,전라북도 전주시 완산구 평화동3가 246-13,서린자연유치원,유치원,127.118512,35.7819808,전주완산경찰서,,108
139,2018-08-14,7.0,Y,전라북도 전주시,전라북도 전주시 완산구 전룡로 119 전주서신초등학교병설유치원,전라북도 전주시 완산구 서신동 31,서신초등학교병설유치원,유치원,127.1248,35.829925,전주완산경찰서,,107
140,2018-08-14,3.0,Y,전라북도 전주시,전라북도 전주시 덕진구 한배미6길 26 동화유치원,전라북도 전주시 덕진구 인후동1가 15,동화유치원,유치원,127.1681756,35.8227662,전주덕진경찰서,,106
141,2018-08-14,3.0,Y,전라북도 전주시,전라북도 전주시 완산구 평화16길 9 롯데유치원,전라북도 전주시 완산구 평화동1가 742-10,롯데유치원,유치원,127.1373293,35.792953,전주완산경찰서,,105
142,2018-08-14,,N,전라북도 전주시,전라북도 전주시 완산구 서곡로 31 리딩파크유치원,전라북도 전주시 완산구 효자동3가 1473-3,리딩파크유치선,유치원,127.0988639,35.8322833,전주완산경찰서,,104
143,2018-08-14,3.0,Y,전라북도 전주시,전라북도 전주시 덕진구 숲정이2길 15-1 리틀하버드유치원,전라북도 전주시 덕진구 진북동 834-80,리틀하버드유치원,유치원,127.1303542,35.8296387,전주덕진경찰서,,103
144,2018-08-14,6.0,Y,전라북도 전주시,전라북도 전주시 완산구 중동로 32 전주만성초등학교병설유치원,전라북도 전주시 완산구 만성 832,만성초등학교병설유치원,유치원,127.065655,35.8363115,전주완산경찰서,,102
145,2018-08-14,3.0,Y,전라북도 전주시,전라북도 전주시 완산구 구이로 1979 전주문정초등학교병설유치원,전라북도 전주시 완산구 평화동3가 226,문정초등학교병설유치원,유치원,127.1268204,35.7755363,전주완산경찰서,,101
146,2018-08-14,3.0,Y,전라북도 전주시,전라북도 전주시 완산구 서신천변1길 16 미래유치원,전라북도 전주시 완산구 서신동 844-1,미래유치원,유치원,127.1135788,35.8266953,전주완산경찰서,,100
147,2018-08-14,3.0,Y,전라북도 전주시,전라북도 전주시 덕진구 전미로 160 미산초등학교,전라북도 전주시 덕진구 전미동2가 351,미산초등학교병설유치원,유치원,127.109541,35.884151,전주덕진경찰서,,99
148,2018-08-14,,N,전라북도 전주시,전라북도 완주군 이서면 갈산안길 18-7 민족사관유치원,전라북도 완주군 이서면 갈산리656-1,민족사관유치원,유치원,127.054108,35.833892,전주완산경찰서,,98
149,2018-08-14,6.0,Y,전라북도 전주시,전라북도 전주시 덕진구 혁신로 707 전주반월초등학교병설유치원,전라북도 전주시 덕진구 반월동 234-4,반월초등학교병설유치원,유치원,127.0755659,35.8753583,전주덕진경찰서,,97
150,2018-08-14,2.0,Y,전라북도 전주시,전라북도 전주시 덕진구 가재미2길 9-4 별초롱유치원,전라북도 전주시 덕진구 인후동1가 884-10,별초롱유치원,유치원,127.1635144,35.829097,전주덕진경찰서,,96
151,2018-08-14,1.0,Y,전라북도 전주시,전라북도 전주시 덕진구 팔달로 339-43 북문교회,전라북도 전주시 덕진구 진북1동 391-15,북문유치원,유치원,127.1373751,35.8310214,전주덕진경찰서,,95
152,2018-08-14,,N,전라북도 전주시,전라북도 전주시 덕진구 도당산로 48 비사벌유치원,전라북도 전주시 덕진구 우아동3가 473-2,비사벌유치원,유치원,127.1586384,35.8460582,전주덕진경찰서,,94
153,2018-08-14,,N,전라북도 전주시,전라북도 전주시 완산구 감나무4길 27 미미어린이집,전라북도 전주시 완산구 서신동 787,미미어린이집,어린이집,127.119714,35.8314401,전주완산경찰서,,93
154,2018-08-14,,N,전라북도 전주시,전라북도 전주시 완산구 용머리로 228 바울어린이집,전라북도 전주시 완산구 서완산동1가 81-2,바울어린이집,어린이집,127.135325,35.8084,전주완산경찰서,,92
155,2018-08-14,,N,전라북도 전주시,전라북도 전주시 완산구 우전로 251 상록어린이집,전라북도 전주시 완산구 효자2가 662-1,상록어린이집,어린이집,127.1013875,35.81705,전주완산경찰서,,91
156,2018-08-14,3.0,Y,전라북도 전주시,전라북도 전주시 완산구 안터2길 29 새나라어린이집,전라북도 전주시 완산구 서신동 834-1,새나라키즈어린이집,어린이집,127.1173852,35.8280567,전주완산경찰서,,90
157,2018-08-14,3.0,Y,전라북도 전주시,전라북도 전주시 덕진구 호성2길 24-5 빛나라유치원,전라북도 전주시 덕진구 호성동1가 819,빛나라유치원,유치원,127.1511013,35.8595537,전주덕진경찰서,,89
158,2018-08-14,3.0,Y,전라북도 전주시,전라북도 전주시 덕진구 거북바우로 40 뽀뽀뽀유치원,전라북도 전주시 덕진구 금암동 102-41,뽀뽀뽀유치원,유치원,127.1424875,35.8377821,전주덕진경찰서,,88
159,2018-08-14,6.0,Y,전라북도 전주시,전라북도 전주시 완산구 성지산로 38 전주삼천초등학교병설유치원,전라북도 전주시 완산구 삼천동1가 585-1,삼천초등학교병설유치원,유치원,127.1231654,35.8006092,전주완산경찰서,,87
160,2018-08-14,8.0,Y,전라북도 전주시,전라북도 전주시 완산구 중산로 33 전주중산초등학교,전라북도 전주시 완산구 중화산동 2가 614,중산초등학교,초등학교,127.1197125,35.8173997,전주완산경찰서,,86
161,2018-08-14,7.0,Y,전라북도 전주시,전라북도 전주시 완산구 오두정길 45 전주서원초등학교,전라북도 전주시 완산구 효자동1가 633,서원초등학교,초등학교,127.1192625,35.8100583,전주완산경찰서,,85
162,2018-08-14,6.0,Y,전라북도 전주시,전라북도 전주시 완산구 당산로 9 전주서천초등학교,전라북도 전주시 완산구 서신동 761-3,서천초등학교,초등학교,127.1085311,35.8323972,전주완산경찰서,,84
163,2018-08-14,7.0,Y,전라북도 전주시,전라북도 전주시 완산구 견훤왕궁로 16 전주풍남초등학교,전라북도 전주시 완산구 남노송동 507-1,풍남초등학교,초등학교,127.1535145,35.8222744,전주완산경찰서,,83
164,2018-08-14,7.0,Y,전라북도 전주시,전라북도 전주시 완산구 오두정길 45 전주서원초등학교병설유치원,전라북도 전주시 완산구 효자동1가 633,서원초등학교병설유치원,유치원,127.1185625,35.8100667,전주완산경찰서,,82
165,2018-08-14,,N,전라북도 전주시,전라북도 전주시 완산구 난전들로 139-39 서전주유치원,전라북도 전주시 완산구 평화동3가 250-1,서전주유치원,유치원,127.114061,35.7806169,전주완산경찰서,,81
166,2018-08-14,6.0,Y,전라북도 전주시,전라북도 전주시 완산구 당산로 9 전주서천초등학교병설유치원,전라북도 전주시 완산구 서신동761-3,서천초등학교병설유치원,유치원,127.1087705,35.8321406,전주완산경찰서,,80
167,2018-08-14,3.0,Y,전라북도 전주시,전라북도 전주시 완산구 메너머3길 40-5 석정유치원,전라북도 전주시 완산구 중화산동 732-7,석정유치원,유치원,127.1181803,35.8241818,전주완산경찰서,,79
168,2018-08-14,,N,전라북도 전주시,전라북도 전주시 덕진구 기린대로 482 천주교덕진성당,전라북도 전주시 덕진구 덕진동1가 1262-7,성모유치원,유치원,127.1257797,35.8429346,전주덕진경찰서,,78
169,2018-08-14,,N,전라북도 전주시,전라북도 전주시 완산구 태조로 51 전동성당 성심유치원,전라북도 전주시 완산구 전동 2001-1,성심유치원,유치원,127.1498151,35.8138338,전주완산경찰서,,77
170,2018-08-14,3.0,Y,전라북도 전주시,전라북도 전주시 덕진구 반월동 316 소망유치원,전라북도 전주시 덕진구 반월동 316,소망유치원,유치원,127.0683088,35.8724261,전주덕진경찰서,,76
171,2018-08-14,,N,전라북도 전주시,전라북도 전주시 완산구 양지2길 52-8 솔밭왓앤와이유치원,전라북도 전주시 완산구 평화동2가 567,솔밭왓앤와이유치원,유치원,127.1208373,35.7906739,전주완산경찰서,,75
172,2018-08-14,2.0,Y,전라북도 전주시,전라북도 전주시 완산구 양지2길 5 고감도어린이집,전라북도 전주시 완산구 평화동2가 570-1,고감도어린이집,어린이집,127.1233375,35.7924667,전주완산경찰서,,74
173,2018-08-14,,N,전라북도 전주시,전라북도 전주시 완산구 소대배기로 18-28 굿모닝어린이집,전라북도 전주시 완산구 평화동2가 891-3,굿모닝어린이집,어린이집,127.1315563,35.7867224,전주완산경찰서,,73
174,2018-08-14,3.0,Y,전라북도 전주시,전라북도 전주시 완산구 화산천변3길 15-5 꿈사랑어린이나라,전라북도 전주시 완산구 중화산동2가 763-2,꿈사랑어린이나라어린이집,어린이집,127.1146869,35.8200741,전주완산경찰서,,72
175,2018-08-14,,N,전라북도 전주시,전라북도 전주시 완산구 삼천천변2길 36-3 명재어린이집,전라북도 전주시 완산구 삼천동1가 289-13,명재어린이집,어린이집,127.114128,35.796207,전주완산경찰서,,71
176,2018-08-14,2.0,Y,전라북도 전주시,전라북도 전주시 완산구 원서곡길 54-1 서곡해뜰어린이집,전라북도 전주시 완산구 효자3가 960,서곡해뜰어린이집,어린이집,127.093997,35.8326368,전주완산경찰서,,70
177,2018-08-14,3.0,Y,전라북도 전주시,전라북도 전주시 완산구 평화로 71 아이들세상,전라북도 전주시 완산구 평화동2가 909-2,아이들세상어린이집,어린이집,127.1332175,35.7832209,전주완산경찰서,,69
178,2018-08-14,2.0,Y,전라북도 전주시,전라북도 전주시 완산구 견훤로 100 알프스어린이집,전라북도 전주시 완산구 중노송동 26-1,알프스어린이집,어린이집,127.1630551,35.8203423,전주완산경찰서,,68
179,2018-08-14,2.0,Y,전라북도 전주시,전라북도 전주시 완산구 원서곡길 8 열린생각어린이집,전라북도 전주시 완산구 효자동3가 781-1,열린생각어린이집,어린이집,127.0972945,35.8358465,전주완산경찰서,,67
180,2018-08-14,2.0,Y,전라북도 전주시,전라북도 전주시 완산구 삼천천변3길 60 C동 영생성품체능어린이집,전라북도 전주시 완산구 삼천동1가 287-11,영생성품체능어린이집,어린이집,127.1163207,35.7977894,전주완산경찰서,,66
181,2018-08-14,2.0,Y,전라북도 전주시,전라북도 전주시 완산구 안행2길 33-3 예찬어린이집,전라북도 전주시 완산구 삼천동1가 734-14,예찬어린이집,어린이집,127.128555,35.8012684,전주완산경찰서,,65
182,2018-08-14,2.0,Y,전라북도 전주시,전라북도 전주시 완산구 전룡로 132-8 오렌지어린이집,전라북도 전주시 완산구 서신동 6-11,오렌지어린이집,어린이집,127.1271625,35.8288142,전주완산경찰서,,64
183,2018-08-14,2.0,Y,전라북도 전주시,전라북도 전주시 완산구 상거마4길 9 우석어린이집,전라북도 전주시 완산구 삼천동1가 615-3,우석어린이집,어린이집,127.1202538,35.797108,전주완산경찰서,,63
184,2018-08-14,,N,전라북도 전주시,전라북도 전주시 완산구 쑥고개로 196-32 WIZ어린이집,전라북도 전주시 완산구 삼천동1가 277-6,위즈어린이집,어린이집,127.088463,35.795658,전주완산경찰서,,62
185,2018-08-14,1.0,Y,전라북도 전주시,전라북도 전주시 완산구 권삼득로 20 전주삼성어린이집,전라북도 전주시 완산구 중노송동 579-5,전주삼성어린이집,어린이집,127.1498773,35.8247323,전주완산경찰서,,61
186,2018-08-14,,N,전라북도 전주시,전라북도 전주시 완산구 밤나무1길 15-7 효자어린이집,전라북도 전주시 완산구 효자동1가 383-6,전주효자어린이집,어린이집,127.1167309,35.8086339,전주완산경찰서,,60
187,2018-08-14,3.0,Y,전라북도 전주시,전라북도 전주시 완산구 서원로 334 중산어린이집,전라북도 전주시 완산구 중화산동1가 256-1,중산어린이집,어린이집,127.1305125,35.812025,전주완산경찰서,,59
188,2018-08-14,,N,전라북도 전주시,전라북도 전주시 완산구 평화11길 6-3 키즈캠어린이집,전라북도 전주시 완산구 평화동2가 873-4,키즈캠어린이집,어린이집,127.136078,35.789312,전주완산경찰서,,58
189,2018-08-14,2.0,Y,전라북도 전주시,전라북도 전주시 완산구 평화5길 24-21 피노키오어린이집,전라북도 전주시 완산구 평화동2가 134-3,평화피노키오어린이집,어린이집,127.1362158,35.7843336,전주완산경찰서,,57
190,2018-08-14,2.0,Y,전라북도 전주시,전라북도 전주시 완산구 평화2길 12 폴어린이집,전라북도 전주시 완산구 평화동2가 96-3,폴어린이집,어린이집,127.1340799,35.7818211,전주완산경찰서,,56
191,2018-08-14,2.0,Y,전라북도 전주시,전라북도 전주시 완산구 장승배기로 46-10  하나캐슬어린이집,전라북도 전주시 완산구 삼천동1가 306-20,하나캐슬어린이집,어린이집,127.118075,35.7916667,전주완산경찰서,,55
192,2018-08-14,,N,전라북도 전주시,전라북도 전주시 완산구 용산마을길 35 한국웅변재능어린이집,전라북도 전주시 완산구 삼천동2가 203-8,한국어린이집,어린이집,127.1028326,35.7931107,전주완산경찰서,,54
193,2018-08-14,3.0,Y,전라북도 전주시,전라북도 전주시 완산구 안행8길 30 해맑은어린이집,전라북도 전주시 완산구 삼천동1가 752-4,해맑은어린이집,어린이집,127.132323,35.8001944,전주완산경찰서,,53
194,2018-08-14,7.0,Y,전라북도 전주시,전라북도 전주시 덕진구 권삼득로 210 전주금암초등학교,전라북도 전주시 덕진구 금암동1가 525-1,금암초등학교,초등학교,127.1366058,35.8375922,전주덕진경찰서,,52
195,2018-08-14,12.0,Y,전라북도 전주시,전라북도 전주시 덕진구 명주3길 16 금평초등학교,전라북도 전주시 덕진구 인후동2가 1536,금평초등학교,초등학교,127.1471271,35.8439633,전주덕진경찰서,,51
196,2018-08-14,7.0,Y,전라북도 전주시,전라북도 전주시 덕진구 견훤로 260 전주기린초등학교,전라북도 전주시 덕진구 인후동1가 431-3,기린초등학교,초등학교,127.159186,35.8350187,전주덕진경찰서,,50
197,2018-08-14,6.0,Y,전라북도 전주시,전라북도 전주시 덕진구 하가로 71 덕일초등학교,전라북도 전주시 덕진구 덕진동2가 99-1,덕일초등학교,초등학교,127.1121699,35.8486071,전주덕진경찰서,,49
198,2018-08-14,8.0,Y,전라북도 전주시,전라북도 전주시 덕진구 들사평로 61 전주덕진초등학교,전라북도 전주시 덕진구 덕진동1가 1272,덕진초등학교,초등학교,127.12425,35.8417321,전주덕진경찰서,,48
199,2018-08-14,8.0,Y,전라북도 전주시,전라북도 전주시 덕진구 견훤왕궁로 227 전주동북초등학교,전라북도 전주시 덕진구 인후동2가 39-12,동북초등학교,초등학교,127.1450399,35.8394387,전주덕진경찰서,,47
200,2018-08-14,10.0,Y,전라북도 전주시,전라북도 전주시 덕진구 우아9길 1 전주동신초등학교,전라북도 전주시 덕진구 우아3가 743-149,동신초등학교,초등학교,127.156251,35.8517961,전주덕진경찰서,,46
201,2018-08-14,8.0,Y,전라북도 전주시,전라북도 전주시 덕진구 호성로 130 전주만수초등학교,전라북도 전주시 덕진구 호성동1가 829-2,만수초등학교,초등학교,127.1475495,35.8626941,전주덕진경찰서,,45
202,2018-08-14,3.0,Y,전라북도 전주시,전라북도 전주시 덕진구 전미로 160 미산초등학교,전라북도 전주시 덕진구 전미동2가 351,미산초등학교,초등학교,127.1097875,35.8838022,전주덕진경찰서,,44
203,2018-08-14,6.0,Y,전라북도 전주시,전라북도 전주시 덕진구 혁신로 707 전주반월초등학교,전라북도 전주시 덕진구 반월동 234-4,반월초등학교,초등학교,127.073675,35.8752987,전주덕진경찰서,,43
204,2018-08-14,7.0,Y,전라북도 전주시,전라북도 전주시 덕진구 견훤로 336 전주북일초등학교,전라북도 전주시 덕진구 인후동1가 750,북일초등학교,초등학교,127.1554888,35.8423553,전주덕진경찰서,,42
205,2018-08-14,6.0,Y,전라북도 전주시,전라북도 전주시 덕진구 천마산로 16 송북초등학교,전라북도 전주시 덕진구 송천동1가 107-1,송북초등학교,초등학교,127.1241538,35.8633695,전주덕진경찰서,,41
206,2018-08-14,6.0,Y,전라북도 전주시,전라북도 전주시 덕진구 와룡로 25 전주송원초등학교,전라북도 전주시 덕진구 송천동2가 602,송원초등학교,초등학교,127.1115189,35.8621277,전주덕진경찰서,,40
207,2018-08-14,4.0,Y,전라북도 전주시,전라북도 전주시 덕진구 송천1길 10 전주송천초등학교,전라북도 전주시 덕진구 송천동1가 397,송천초등학교,초등학교,127.1198293,35.8578449,전주덕진경찰서,,39
208,2018-08-14,6.0,Y,전라북도 전주시,전라북도 전주시 덕진구 솔내로 211 전주신동초등학교,전라북도 전주시 덕진구 송천동2가 126-8,신동초등학교,초등학교,127.1266156,35.8690129,전주덕진경찰서,,38
209,2018-08-14,6.0,Y,전라북도 전주시,전라북도 전주시 덕진구 인교5길 23 전주아중초등학교,전라북도 전주시 덕진구 우아동2가 888-2,아중초등학교,초등학교,127.1755623,35.8281739,전주덕진경찰서,,37
210,2018-08-14,4.0,Y,전라북도 전주시,전라북도 전주시 덕진구 천마산로 87 오송초등학교,전라북도 전주시 덕진구 송천동2가 송북길 205,오송초등학교,초등학교,127.130395,35.8660379,전주덕진경찰서,,36
211,2018-08-14,4.0,Y,전라북도 전주시,전라북도 전주시 덕진구 용덕길 30 용덕초등학교,전라북도 전주시 덕진구 용정동 489,용덕초등학교,초등학교,127.0514732,35.8767063,전주덕진경찰서,,35
212,2018-08-14,6.0,Y,전라북도 전주시,전라북도 전주시 덕진구 송천4길 38 전주용소초등학교,전라북도 전주시 덕진구 송천동1가 1,용소초등학교,초등학교,127.1177625,35.8622737,전주덕진경찰서,,34
213,2018-08-14,2.0,Y,전라북도 전주시,전라북도 전주시 덕진구 원동로 3 전주원동초등학교,전라북도 전주시 덕진구 원동 361-1,원동초등학교,초등학교,127.0334127,35.851344,전주덕진경찰서,,33
214,2018-08-14,8.0,Y,전라북도 전주시,전라북도 전주시 덕진구 무삼지로 7 인봉초등학교,전라북도 전주시 덕진구 인후동1가 917,인봉초등학교,초등학교,127.1650625,35.8269357,전주덕진경찰서,,32
215,2018-08-14,5.0,Y,전라북도 전주시,전라북도 전주시 덕진구 무삼지로 67 인후초등학교,전라북도 전주시 덕진구 인후동3가 160,인후초등학교,초등학교,127.1624884,35.8317482,전주덕진경찰서,,31
216,2018-08-14,2.0,Y,전라북도 전주시,전라북도 전주시 덕진구 원장동안길 73 장동초등학교,전라북도 전주시 덕진구 장동 258-2,장동초등학교,초등학교,127.0601727,35.849328,전주덕진경찰서,,30
217,2018-08-14,10.0,Y,전라북도 전주시,전라북도 전주시 덕진구 심방죽로 24 전라초등학교,전라북도 전주시 덕진구 인후동1가 575,전라초등학교,초등학교,127.1521625,35.8391654,전주덕진경찰서,,29
218,2018-08-14,4.0,Y,전라북도 전주시,전라북도 전주시 덕진구 태진로 98 전주전일초등학교,전라북도 전주시 덕진구 진북동2가 382-1,전일초등학교,초등학교,127.1369534,35.829948,전주덕진경찰서,,28
219,2018-08-14,11.0,Y,전라북도 전주시,전라북도 전주시 덕진구 소리로 180 전주북초등학교,전라북도 전주시 덕진구 호성동1가 736,전주북초등학교,초등학교,127.1514388,35.8566789,전주덕진경찰서,,27
220,2018-08-14,10.0,Y,전라북도 전주시,전라북도 전주시 덕진구 쪽구름로 39 조촌초등학교,전라북도 전주시 덕진구 여의동 582-2,조촌초등학교,초등학교,127.0763125,35.8697071,전주덕진경찰서,,26
221,2018-08-14,6.0,Y,전라북도 전주시,전라북도 전주시 덕진구 진북1길 11 진북초등학교,전라북도 전주시 덕진구 진북동2가 1046-1,진북초등학교,초등학교,127.1318905,35.8262464,전주덕진경찰서,,25
222,2018-08-14,3.0,Y,전라북도 전주시,전라북도 전주시 덕진구 초포로 171 초포초등학교,전라북도 전주시 덕진구 호성동2가 835,초포초등학교,초등학교,127.1398019,35.8771519,전주덕진경찰서,,24
223,2018-08-14,2.0,Y,전라북도 전주시,전라북도 전주시 덕진구 팔과정로 181 전주팔복초등학교,전라북도 전주시 덕진구 동산동 374-1,팔복초등학교,초등학교,127.0945566,35.8636606,전주덕진경찰서,,23
224,2018-08-14,2.0,Y,전라북도 전주시,전라북도 전주시 덕진구 송천중앙로 99 전주초등학교병설유치원,전라북도 전주시 덕진구 송천동1가 397,송천초등학교병설유치원,유치원,127.119218,35.858089,전주덕진경찰서,,22
225,2018-08-14,3.0,Y,전라북도 전주시,전라북도 전주시 완산구 따박골5길 38 아이리더유치원,전라북도 전주시 완산구 중화산동2가 554-1,아이리더유치원,유치원,127.1275401,35.8092837,전주완산경찰서,,21
226,2018-08-14,,N,전라북도 전주시,전라북도 전주시 덕진구 우아로 35 아이캔유치원,전라북도 전주시 덕진구 우아동3가 747-89,아이캔유치원,유치원,127.1551125,35.8505737,전주덕진경찰서,,20
227,2018-08-14,2.0,Y,전라북도 전주시,전라북도 전주시 덕진구 인교5길 23 전주아중초등학교,전라북도 전주시 덕진구 우아동2가 888-2,아중초등학교병설유치원,유치원,127.174894,35.828219,전주덕진경찰서,,19
228,2018-08-14,1.0,Y,전라북도 전주시,전라북도 전주시 완산구 견훤로 100-83 알프스유치원,전라북도 전주시 덕진구 중노송동 30-5,알프스유치원,유치원,127.162833,35.82089,전주완산경찰서,,18
229,2018-08-14,2.0,Y,전라북도 전주시,전라북도 전주시 완산구 양지2길 11-26 양지초등학교병설유치원,전라북도 전주시 완산구 평화동2가 582,양지초등학교병설유치원,유치원,127.1244774,35.7926099,전주완산경찰서,,17
230,2018-08-14,,N,전라북도 전주시,전라북도 전주시 덕진구 도당산4길 53-12 엄마랑유치원,전라북도 전주시 덕진구 우아동3가 750-50,엄마랑유치원,유치원,127.1557887,35.8454217,전주덕진경찰서,,16
231,2018-08-14,3.0,Y,전라북도 전주시,전라북도 전주시 완산구 용머리로 9-40 효자롯데아파트,전라북도 전주시 완산구 효자동1가 414,엔젤유치원,유치원,127.1121135,35.8081477,전주완산경찰서,,15
232,2018-08-14,2.0,Y,전라북도 전주시,전라북도 전주시 완산구 고사평8길 11 여울초등학교,전라북도 전주시 완산구 서신동 923,여울초등학교병설유치원,유치원,127.1113853,35.8375375,전주완산경찰서,,14
233,2018-08-14,,N,전라북도 전주시,전라북도 전주시 완산구 능안자구길 53-9 연세유치원,전라북도 전주시 완산구 삼천동3가 309-8,연세유치원,유치원,127.0849368,35.8068609,전주완산경찰서,,13
234,2018-08-14,1.0,Y,전라북도 전주시,전라북도 전주시 완산구 평화14길 27-33 예대유치원,전라북도 전주시 완산구 평화동2가 858-5,예대유치원,유치원,127.1348336,35.7918357,전주완산경찰서,,12
235,2018-08-14,2.0,Y,전라북도 전주시,전라북도 전주시 완산구 백제대로 20-14 예랑어린이집,전라북도 전주시 완산구 평화동1가 599-4,예랑유치원,유치원,127.1324797,35.7972607,전주완산경찰서,,11
236,2018-08-14,2.0,Y,전라북도 전주시,전라북도 전주시 덕진구 한배미5길 12-6 예일유치원,전라북도 전주시 덕진구 인후동1가 943-7,예일유치원,유치원,127.1670757,35.8241243,전주덕진경찰서,,10
237,2018-08-14,3.0,Y,전라북도 전주시,전라북도 전주시 완산구 신촌2길 10 예일킨더유치원,전라북도 전주시 완산구 중화산동2가 401-15,예일킨더유치원,유치원,127.1171663,35.8144583,전주완산경찰서,,9
238,2018-08-14,4.0,Y,전라북도 전주시,전라북도 전주시 덕진구 틀못3길 7 온빛초등학교병설유치원,전라북도 전주시 덕진구 장동 1066,온빛초등학교병설유치원,유치원,127.0567035,35.8424462,전주덕진경찰서,,8
239,2018-08-14,,N,전라북도 전주시,전라북도 전주시 완산구 구이로 2041 올리브유치원,전라북도 전주시 완산구 평화동3가 98-1,올리브유치원,유치원,127.1292054,35.7803879,전주완산경찰서,,7
240,2018-08-14,2.0,Y,전라북도 전주시,전라북도 전주시 완산구 매곡로 22 완산초등학교병설유치원,전라북도 전주시 완산구 동완산동2가167,완산초등학교병설유치원,유치원,127.1435166,35.8102667,전주완산경찰서,,6
241,2018-08-14,2.0,Y,전라북도 전주시,전라북도 전주시 덕진구 용덕길 30 용덕초등학교,전라북도 전주시 덕진구 용정동 489,용덕초등학교병설유치원,유치원,127.0515375,35.8766154,전주덕진경찰서,,5
242,2018-08-14,2.0,Y,전라북도 전주시,전라북도 전주시 완산구 삼천천변 1길 16 용흥초등학교병설유치원,전라북도 전주시 완산구 삼천동1가 765-2,용흥초등학교병설유치원,유치원,127.1119782,35.7949139,전주완산경찰서,,4
243,2018-08-14,,N,전라북도 전주시,전라북도 전주시 완산구 거마남로 71 우석대부설유치원,전라북도 전주시 완산구 삼천동1가637,우석대부설유치원,유치원,127.124518,35.7957274,전주완산경찰서,,3
244,2018-08-14,2.0,Y,전라북도 전주시,전라북도 전주시 덕진구 벚꽃로 57 우성유치원,전라북도 전주시 덕진구 진북동 434-225,우성유치원,유치원,127.1347965,35.8305981,전주덕진경찰서,,2
245,2018-08-14,2.0,Y,전라북도 전주시,전라북도 전주시 완산구 효자동2가 189 우전초등학교병설유치원,전라북도 전주시 완산구 효자동2가 189,우전초등학교병설유치원,유치원,127.10715,35.8056333,전주완산경찰서,,1
